profile_id,instrument,platform,time,latitude,longitude,pressure_dbar,pressure_qc,position_qc,time_qc,temperature_c,temperature_qc,salinity_psu,salinity_qc
2903891-12,argo,2903891,2024-01-09T14:17:08Z,13.066666666666666,89.98333333333333,1313.5,1,1,1,5.454999923706055,1,34.88600158691406,1
2903891-12,argo,2903891,2024-01-09T14:17:08Z,13.066666666666666,89.98333333333333,1337.800048828125,1,1,1,5.369999885559082,1,34.882999420166016,1
2903891-12,argo,2903891,2024-01-09T14:17:08Z,13.066666666666666,89.98333333333333,1362.800048828125,1,1,1,5.290999889373779,1,34.880001068115234,1
2903891-12,argo,2903891,2024-01-09T14:17:08Z,13.066666666666666,89.98333333333333,1388.0999755859375,1,1,1,5.184000015258789,1,34.875999450683594,1
2903891-12,argo,2903891,2024-01-09T14:17:08Z,13.066666666666666,89.98333333333333,1412.800048828125,1,1,1,5.099999904632568,1,34.87300109863281,1
2903891-12,argo,2903891,2024-01-09T14:17:08Z,13.066666666666666,89.98333333333333,1437.800048828125,1,1,1,5.031000137329102,1,34.869998931884766,1
2903891-12,argo,2903891,2024-01-09T14:17:08Z,13.066666666666666,89.98333333333333,1463.0,1,1,1,4.940000057220459,1,34.86600112915039,1
2903891-12,argo,2903891,2024-01-09T14:17:08Z,13.066666666666666,89.98333333333333,1488.0,1,1,1,4.822999954223633,1,34.861000061035156,1
2903891-12,argo,2903891,2024-01-09T14:17:08Z,13.066666666666666,89.98333333333333,1512.800048828125,1,1,1,4.716000080108643,1,34.856998443603516,1
2903891-12,argo,2903891,2024-01-09T14:17:08Z,13.066666666666666,89.98333333333333,1537.800048828125,1,1,1,4.605000019073486,1,34.85200119018555,1
2903891-12,argo,2903891,2024-01-09T14:17:08Z,13.066666666666666,89.98333333333333,1562.5999755859375,1,1,1,4.500999927520752,1,34.847999572753906,1
2903891-12,argo,2903891,2024-01-09T14:17:08Z,13.066666666666666,89.98333333333333,1587.4000244140625,1,1,1,4.379000186920166,1,34.84299850463867,1
2903891-12,argo,2903891,2024-01-09T14:17:08Z,13.066666666666666,89.98333333333333,1612.5999755859375,1,1,1,4.263999938964844,1,34.8390007019043,1
2903891-12,argo,2903891,2024-01-09T14:17:08Z,13.066666666666666,89.98333333333333,1638.0999755859375,1,1,1,4.125999927520752,1,34.83300018310547,1
2903891-12,argo,2903891,2024-01-09T14:17:08Z,13.066666666666666,89.98333333333333,1662.9000244140625,1,1,1,4.011000156402588,1,34.82899856567383,1
2903891-12,argo,2903891,2024-01-09T14:17:08Z,13.066666666666666,89.98333333333333,1687.800048828125,1,1,1,3.8949999809265137,1,34.82400131225586,1
2903891-12,argo,2903891,2024-01-09T14:17:08Z,13.066666666666666,89.98333333333333,1713.0,1,1,1,3.7790000438690186,1,34.819000244140625,1
2903891-12,argo,2903891,2024-01-09T14:17:08Z,13.066666666666666,89.98333333333333,1738.0999755859375,1,1,1,3.6640000343322754,1,34.814998626708984,1
2903891-12,argo,2903891,2024-01-09T14:17:08Z,13.066666666666666,89.98333333333333,1762.699951171875,1,1,1,3.5920000076293945,1,34.8120002746582,1
2903891-12,argo,2903891,2024-01-09T14:17:08Z,13.066666666666666,89.98333333333333,1787.800048828125,1,1,1,3.510999917984009,1,34.80799865722656,1
