CTD,20020722WHPOSIODM
#Software Version: CTD_Exchange_Encode_v1.0g (Diggs)
#SUMFILE_NAME:     i06sbsu.txt
#SUMFILE_MOD_DATE: Mon Jul 22 12:34:28 2002
#CTDFILE_NAME:     i06sb0001.wct
#CTDFILE_MOD_DATE: Mon Jul 22 09:16:54 2002
#DEPTH_TYPE      : UNC
#EVENT_CODE      : BO
NUMBER_HEADERS = 10
EXPOCODE = 35MF103_1
SECT = I06SB
STNNBR =     1
CASTNO =     1
DATE = 19960221
TIME =  1116
LATITUDE =  -33.1947
LONGITUDE =   28.0603
DEPTH =    98
CTDPRS,CTDPRS_FLAG_W,CTDTMP,CTDTMP_FLAG_W,CTDSAL,CTDSAL_FLAG_W,CTDOXY,CTDOXY_FLAG_W,
DBAR,,DEG_C,,PSS-78,,UMOL/KG,,
      4.0,2,  25.1553,2,  35.2359,2,   -999.0,5
      6.0,2,  25.1293,2,  35.2361,2,   -999.0,5
      8.0,2,  25.0749,2,  35.2383,2,   -999.0,5
     10.0,2,  25.0361,2,  35.2264,2,   -999.0,5
     12.0,2,  24.7910,2,  35.1900,2,   -999.0,5
     14.0,2,  24.6557,2,  35.1468,2,   -999.0,5
     16.0,2,  24.5989,2,  35.1502,2,   -999.0,5
     18.0,2,  24.4434,2,  35.1667,2,   -999.0,5
     20.0,2,  24.2855,2,  35.1645,2,   -999.0,5
     22.0,2,  24.1829,2,  35.1786,2,   -999.0,5
     24.0,2,  24.0891,2,  35.1879,2,   -999.0,5
     26.0,2,  23.9316,2,  35.1986,2,   -999.0,5
     28.0,2,  23.7219,2,  35.2206,2,   -999.0,5
     30.0,2,  23.3273,2,  35.1790,2,   -999.0,5
     32.0,2,  22.9639,2,  35.1534,2,   -999.0,5
     34.0,2,  22.5050,2,  35.1798,2,   -999.0,5
     36.0,2,  21.6747,2,  35.2888,2,   -999.0,5
     38.0,2,  21.5225,2,  35.3019,2,   -999.0,5
     40.0,2,  21.3665,2,  35.3074,2,   -999.0,5
     42.0,2,  21.1070,2,  35.3034,2,   -999.0,5
     44.0,2,  20.9577,2,  35.3050,2,   -999.0,5
     46.0,2,  20.8330,2,  35.3167,2,   -999.0,5
     48.0,2,  20.6921,2,  35.3121,2,   -999.0,5
     50.0,2,  20.5624,2,  35.3143,2,   -999.0,5
     52.0,2,  20.4468,2,  35.3126,2,   -999.0,5
     54.0,2,  20.3888,2,  35.3134,2,   -999.0,5
     56.0,2,  20.3046,2,  35.3167,2,   -999.0,5
     58.0,2,  20.1670,2,  35.3117,2,   -999.0,5
     60.0,2,  20.0084,2,  35.3146,2,   -999.0,5
     62.0,2,  19.8662,2,  35.3145,2,   -999.0,5
     64.0,2,  19.7101,2,  35.3198,2,   -999.0,5
     66.0,2,  19.6168,2,  35.3197,2,   -999.0,5
     68.0,2,  19.4144,2,  35.3012,2,   -999.0,5
     70.0,2,  18.9535,2,  35.2933,2,   -999.0,5
     72.0,2,  18.5977,2,  35.3027,2,   -999.0,5
     74.0,2,  18.4649,2,  35.3204,2,   -999.0,5
     76.0,2,  18.3456,2,  35.3158,2,   -999.0,5
     78.0,2,  18.2386,2,  35.3115,2,   -999.0,5
     80.0,2,  18.1260,2,  35.3135,2,   -999.0,5
     82.0,2,  18.0477,2,  35.3226,2,   -999.0,5
     84.0,2,  17.9336,2,  35.3174,2,   -999.0,5
     86.0,2,  17.8195,2,  35.3155,2,   -999.0,5
     88.0,2,  17.7615,2,  35.3238,2,   -999.0,5
     90.0,2,  17.6549,2,  35.3188,2,   -999.0,5
     92.0,2,  17.5665,2,  35.3207,2,   -999.0,5
     94.0,2,  17.4841,2,  35.3187,2,   -999.0,5
     96.0,2,  17.3009,2,  35.3163,2,   -999.0,5
     97.0,2,  17.1674,2,  35.3055,2,   -999.0,5
END_DATA
